{"cameraMode":{"drawMode":0,"name":"Shaded","section":"Shading Mode"},"sceneLighting":false,"audioPlay":false,"sceneViewState":{"m_AlwaysRefresh":true,"showFog":true,"showSkybox":false,"showFlares":true,"showImageEffects":true,"showParticleSystems":true,"showVisualEffectGraphs":true,"m_FxEnabled":true},"in2DMode":false,"pivot":{"x":-24.314001083374025,"y":0.47200000286102297,"z":9.760988235473633},"rotation":{"x":0.5934994220733643,"y":0.006021164823323488,"z":-0.004471414722502232,"w":0.8048382997512817},"size":1.373367190361023,"orthographic":false}