{"cameraMode":{"drawMode":0,"name":"Shaded","section":"Shading Mode"},"sceneLighting":true,"audioPlay":false,"sceneViewState":{"m_AlwaysRefresh":true,"showFog":true,"showSkybox":true,"showFlares":true,"showImageEffects":true,"showParticleSystems":true,"showVisualEffectGraphs":true,"m_FxEnabled":true},"in2DMode":false,"pivot":{"x":2.4070069789886476,"y":-1.193831443786621,"z":2.057528257369995},"rotation":{"x":0.5237817764282227,"y":0.020408691838383676,"z":-0.012599636800587178,"w":0.8516358137130737},"size":6.985969543457031,"orthographic":false}