{"cameraMode":{"drawMode":0,"name":"Shaded","section":"Shading Mode"},"sceneLighting":false,"audioPlay":false,"sceneViewState":{"m_AlwaysRefresh":true,"showFog":true,"showSkybox":false,"showFlares":true,"showImageEffects":true,"showParticleSystems":true,"showVisualEffectGraphs":true,"m_FxEnabled":true},"in2DMode":false,"pivot":{"x":10.003572463989258,"y":10.00790786743164,"z":9.996426582336426},"rotation":{"x":0.18575626611709596,"y":0.0279758982360363,"z":-0.005332443863153458,"w":0.9822966456413269},"size":1.3230866193771363,"orthographic":false}