{"cameraMode":{"drawMode":0,"name":"Shaded","section":"Shading Mode"},"sceneLighting":false,"audioPlay":false,"sceneViewState":{"m_AlwaysRefresh":true,"showFog":true,"showSkybox":false,"showFlares":true,"showImageEffects":true,"showParticleSystems":true,"showVisualEffectGraphs":true,"m_FxEnabled":true},"in2DMode":false,"pivot":{"x":-24.314001083374025,"y":0.47200000286102297,"z":9.694000244140625},"rotation":{"x":0.1989264190196991,"y":-0.03674795478582382,"z":0.007435999810695648,"w":0.9793298244476318},"size":1.3287686109542847,"orthographic":false}