{"cameraMode":{"drawMode":0,"name":"Shaded","section":"Shading Mode"},"sceneLighting":false,"audioPlay":false,"sceneViewState":{"m_AlwaysRefresh":true,"showFog":true,"showSkybox":false,"showFlares":true,"showImageEffects":true,"showParticleSystems":true,"showVisualEffectGraphs":true,"m_FxEnabled":true},"in2DMode":false,"pivot":{"x":9.888871192932129,"y":10.133954048156739,"z":9.851881980895996},"rotation":{"x":0.04919010400772095,"y":0.9508106112480164,"z":-0.21611668169498444,"w":0.21641211211681367},"size":0.8094960451126099,"orthographic":true}