{"cameraMode":{"drawMode":0,"name":"Shaded","section":"Shading Mode"},"sceneLighting":false,"audioPlay":false,"sceneViewState":{"m_AlwaysRefresh":true,"showFog":true,"showSkybox":false,"showFlares":true,"showImageEffects":true,"showParticleSystems":true,"showVisualEffectGraphs":true,"m_FxEnabled":true},"in2DMode":false,"pivot":{"x":9.888871192932129,"y":10.133954048156739,"z":9.851881980895996},"rotation":{"x":0.02025100216269493,"y":0.9723417162895203,"z":-0.09216073900461197,"w":0.21365536749362946},"size":0.8094960451126099,"orthographic":true}