{"cameraMode":{"drawMode":0,"name":"Shaded","section":"Shading Mode"},"sceneLighting":false,"audioPlay":false,"sceneViewState":{"m_AlwaysRefresh":true,"showFog":true,"showSkybox":false,"showFlares":true,"showImageEffects":true,"showParticleSystems":true,"showVisualEffectGraphs":true,"m_FxEnabled":true},"in2DMode":false,"pivot":{"x":-24.314001083374025,"y":0.47200000286102297,"z":9.760988235473633},"rotation":{"x":0.25143834948539736,"y":-0.11150062084197998,"z":0.029147548601031305,"w":0.9610215425491333},"size":1.1306673288345338,"orthographic":false}